,close,volume
0,170.3721923828125,222353500
1,170.6603240966797,110845800
2,168.50758361816406,152112600
3,164.4647979736328,213436100
4,162.65957641601562,209817200
5,162.82058715820312,187941300
6,164.13430786132812,172330500
7,160.0406951904297,221168900
8,162.6680145263672,240795600
9,159.17620849609375,324846400
10,159.38807678222656,195244400
11,157.34555053710938,286547800
12,158.22695922851562,195772900
13,161.4730224609375,168319600
14,159.03208923339844,130371700
15,161.20175170898438,141036800
16,159.44740295410156,185681700
17,160.27798461914062,143798800
18,164.1851348876953,210529300
19,164.1257781982422,136061600
20,161.16786193847656,182564900
21,162.1340789794922,205054900
22,162.38839721679688,139531800
23,159.29483032226562,180788300
24,157.15057373046875,191526700
25,157.1590576171875,184513100
26,157.02340698242188,148214100
27,154.98086547851562,219058900
28,158.17608642578125,127632400
29,160.8458251953125,120250700
30,163.4732208251953,136009500
31,162.8036346435547,102343000
32,162.7274169921875,114793000
33,165.0835723876953,103640300
34,162.9985809326172,111455300
35,163.7444305419922,150812200
36,165.72764587402344,110728300
37,165.3462677001953,129833700
38,164.049560546875,125918100
39,167.90579223632812,141799700
40,168.66014099121094,102415000
41,169.32125854492188,95172200
42,169.8721160888672,129293600
43,170.0077362060547,100219000
44,168.15159606933594,123974900
45,168.98220825195312,94801200
46,169.1177978515625,156838700
47,171.8468780517578,137964500
48,171.62652587890625,73612000
49,171.3468475341797,93169100
50,172.33847045898438,129303200
51,173.43174743652344,134278500
52,174.11328125,138372400
53,174.36038208007812,72926700
54,174.2666473388672,97471900
55,173.11660766601562,81052500
56,173.0399169921875,84360900
57,173.14212036132812,62408200
58,174.74375915527344,92922900
59,175.5104217529297,86365300
60,175.0845184326172,94584100
61,176.2771453857422,114423500
62,175.70639038085938,63497000
63,173.95147705078125,99662200
64,175.85118103027344,91839800
65,173.74697875976562,113859000
66,174.2155303955078,95040600
67,173.8065643310547,83757500
68,175.4252471923828,115350600
69,177.19720458984375,96336400
70,177.2057647705078,65212900
71,177.0098114013672,75761600
72,178.25357055664062,82531000
73,178.8158721923828,88316100
74,178.9862060546875,81100300
75,178.02359008789062,85695000
76,178.02359008789062,99251700
77,177.71693420410156,66166500
78,177.98097229003906,75864200
79,178.34732055664062,77329400
80,176.7286376953125,97216200
81,175.77450561523438,142424100
82,177.17169189453125,62188000
83,175.62969970703125,106422100
84,174.6499786376953,92243800
85,174.615966796875,67619200
86,175.25485229492188,89315000
87,175.39967346191406,74374900
88,177.5806121826172,77472200
89,175.91932678222656,81727000
90,175.97047424316406,89586300
91,174.43701171875,96474600
92,176.15786743164062,77486800
93,174.5137481689453,114924900
94,174.56480407714844,120062100
95,173.95997619628906,115430500
96,175.05892944335938,104990400
97,174.82040405273438,58682600
98,177.08648681640625,93537800
99,178.2877197265625,76621400
100,178.3387451171875,55280700
101,179.1055145263672,64211200
102,178.76470947265625,109879400
103,179.1310577392578,69936200
104,179.67630004882812,63044700
105,179.1396026611328,101757100
106,180.05111694335938,64887000
107,180.33230590820312,60974800
108,180.9200439453125,66170900
109,180.6729431152344,73786900
110,178.960693359375,113829200
111,177.5806121826172,117751200
112,177.23126220703125,125059300
113,176.9842529296875,109124500
114,177.512451171875,149533100
115,176.851318359375,117055700
116,177.99024963378906,82789600
117,178.49551391601562,72461700
118,178.20436096191406,95560500
119,180.52503967285156,102731400
120,174.0425262451172,333444400
121,170.92544555664062,230775800
122,174.0082550048828,159382400
123,176.97119140625,137328600
124,179.38609313964844,165021900
125,179.7628936767578,106055300
126,178.46978759765625,109803700
127,179.54026794433594,96021500
128,179.42889404296875,85593800
129,182.1006774902344,133971000
130,182.74298095703125,73633900
131,184.07028198242188,101275600
132,184.0446319580078,87324100
133,185.07225036621097,91230900
134,184.82391357421875,107155400
135,185.32052612304688,58725900
136,185.13217163085935,54345700
137,185.90284729003903,58159500
138,185.20066833496097,67777300
139,186.0313262939453,62787500
140,185.52606201171875,55873100
141,185.61167907714844,70080500
142,185.41473388671875,84083900
143,185.6288299560547,65035700
144,185.92849731445312,79519400
145,185.7744140625,73311400
146,184.58412170410156,92295500
147,185.12359619140625,53993600
148,185.32052612304688,46585500
149,186.83624267578125,71892200
150,186.72496032714844,39906500
151,186.83624267578125,51251700
152,186.3738250732422,57941100
153,187.23876953125,72504300
154,187.0759735107422,61313500
155,187.6154937744141,49813500
156,186.6478576660156,53213600
157,186.9989471435547,75134300
158,187.41856384277344,52989300
159,187.14447021484375,75443000
160,187.13601684570312,61368800
161,187.5127716064453,53399200
162,186.55368041992188,71728900
163,186.42523193359375,69224800
164,186.07411193847656,122506300
165,186.99038696289065,70502200
166,186.68212890625,58114500
167,186.15122985839844,85269500
168,186.1597595214844,97844200
169,186.9989471435547,79293900
170,187.5641632080078,56702100
171,187.5469970703125,76554900
172,187.1188507080078,74102900
173,182.64019775390625,221589100
174,185.26060485839844,168110900
175,182.59735107421875,182828800
176,182.52886962890625,134185500
177,184.35287475585935,134427900
178,183.64027404785156,155236400
179,183.6746368408203,80250500
180,183.68324279785156,69665300
181,185.74887084960935,110284400
182,186.91940307617188,76678700
183,185.89520263671875,73630900
184,184.3890380859375,89827300
185,185.53369140625,78494800
186,186.45458984375,87411000
187,184.76768493652344,128070600
188,186.16195678710935,117202900
189,185.7144470214844,83512100
190,184.76768493652344,119948100
191,185.58538818359375,72816000
192,185.7144470214844,62927400
193,185.07752990722656,89788300
194,186.04153442382812,51855000
195,183.69183349609375,130367400
196,183.9328460693359,73866100
197,183.33042907714844,101357000
198,183.4250640869141,93346200
199,182.7882080078125,58275700
200,183.9328460693359,76869700
201,184.4234619140625,66519200
202,184.07916259765625,73639800
203,184.1652679443359,89089100
204,184.948486328125,60146600
205,184.32875061035156,66542300
206,183.9586639404297,75705500
207,183.4680938720703,77220200
208,182.9259033203125,140623200
209,182.9344940185547,61272500
210,181.60903930664065,122781800
211,180.5160369873047,103330800
212,179.6897735595703,88939300
213,179.49183654785156,109122100
214,183.45089721679688,109794900
215,184.27716064453125,106772100
216,186.23085021972656,258429000
217,186.6956024169922,172113300
218,186.2652587890625,100552700
219,186.41151428222656,94580000
220,187.86610412597656,91652600
221,187.51321411132812,65617700
222,188.47718811035156,69797200
223,188.0554962158203,86265800
224,189.47557067871097,72402600
225,189.84564208984375,67429000
226,189.94891357421875,56620200
227,190.6546630859375,37872300
228,189.7595672607422,76572500
229,190.1296539306641,69886700
230,189.6735076904297,113291800
231,188.9763946533203,79040500
232,189.07101440429688,74840300
233,190.2070770263672,67837800
234,190.8096160888672,59877400
235,193.30551147460935,110738100
236,193.7788848876953,99714400
237,194.94940185546875,88005800
238,194.72560119628903,102016100
239,196.0251922607422,110477500
240,194.40711975097656,142501800
241,195.20758056640625,124972600
242,194.82579040527344,156420200
243,195.24998474121097,90341100
244,196.00320434570312,89838800
245,195.4577789306641,67909000
246,195.12017822265625,56219100
247,195.4058837890625,36697800
248,195.89064025878903,42672500
249,194.2716827392578,64095000
250,194.2284393310547,48696100
251,193.5185089111328,108998300
252,194.99899291992188,91366500
253,196.15904235839844,78744400
254,196.00320434570312,78379000
255,196.70448303222656,71559900
256,196.05516052246097,46939700
257,196.05516052246097,63771900
258,196.60922241210935,74650000
259,196.11572265625,72113200
260,196.56593322753903,62717900
261,195.87335205078125,61240800
262,196.3062286376953,54793300
263,195.57899475097656,66608800
264,196.2975616455078,129168600
265,195.78680419921875,75061600
266,197.0420837402344,95555300
267,198.74758911132812,84437700
268,198.53982543945312,59970700
269,198.2281494140625,59711100
270,196.99884033203125,79737300
271,196.98150634765625,75880800
272,197.05941772460935,79117700
273,197.18931579589844,69657600
274,198.5485076904297,80563200
275,198.19349670410156,57790100
276,198.2021942138672,57931200
277,198.46189880371097,51566200
278,199.6393280029297,65955200
279,200.42709350585935,66015900
280,201.51795959472656,55182100
281,202.3230743408203,71109000
282,203.37928771972656,86785800
283,203.2061462402344,84722400
284,203.52642822265625,77204100
285,204.73849487304688,88946100
286,204.55670166015625,62115200
287,204.6952209472656,74615900
288,204.95489501953125,82381600
289,205.27517700195312,56515400
290,204.7211456298828,96961900
291,207.58676147460935,149158200
292,206.27947998046875,70246000
293,206.40939331054688,81974300
294,205.7946929931641,55391500
295,205.1800079345703,65103700
296,204.7991180419922,78168800
297,205.05877685546875,90683900
298,205.7773895263672,81991700
299,205.88128662109375,57256800
300,205.09347534179688,59880800
301,206.86819458007812,96081800
302,206.4613342285156,78344000
303,206.0987548828125,89002100
304,205.8726806640625,52537000
305,203.22933959960935,131809300
306,203.70765686035156,97569200
307,203.49024963378903,100410300
308,203.3424072265625,112504900
309,203.13377380371097,87454500
310,204.6119384765625,93483900
311,204.8031463623047,61950400
312,205.45529174804688,56737900
313,204.97706604003903,73733100
314,204.62059020996097,85546500
315,204.75100708007812,56466200
316,204.142333984375,108800600
317,204.71620178222656,69135800
318,204.507568359375,74412300
319,204.62928771972656,67615300
320,204.38580322265625,88045300
321,203.49024963378903,81864400
322,202.1686248779297,92880400
323,203.9597625732422,68405400
324,203.35113525390625,83225800
325,202.9772491455078,68699900
326,204.62928771972656,92572200
327,203.9771270751953,110389800
328,206.2204437255859,119209900
329,207.42042541503903,76698300
330,207.28997802734375,84702500
331,207.4638671875,57410300
332,207.01171875,63532800
333,207.53338623046875,66882500
334,207.6117248535156,57375700
335,207.3595428466797,73137700
336,207.60301208496097,61462700
337,208.4202880859375,62001300
338,208.385498046875,48385700
339,208.1942443847656,51363200
340,208.5681304931641,54293800
341,208.14207458496097,62358300
342,207.79428100585935,53912700
343,208.9420166015625,61918900
344,208.7506866455078,51241800
345,205.046630859375,172174100
346,205.8726806640625,107047700
347,207.21170043945312,115011400
348,208.26382446289065,61010600
349,208.72467041015625,48341700
350,209.2115936279297,46927700
351,210.21144104003903,64071700
352,210.16802978515625,46629900
353,209.9853973388672,35201900
354,209.93325805664065,91796000
355,211.6027069091797,68962000
356,212.30699157714844,88666100
357,212.15052795410156,44698800
358,211.4722900390625,50375400
359,211.8635711669922,54144300
360,211.96791076660156,65950700
361,211.64610290527344,132256400
362,211.6027069091797,86108100
363,212.63735961914065,60067000
364,212.36782836914065,78602300
365,211.95916748046875,66464900
366,212.00552368164065,84553100
367,213.77052307128903,65123800
368,212.3288726806641,56906400
369,212.27638244628903,55977600
370,212.1802673339844,44148100
371,212.4336395263672,66986800
372,212.57345581054688,56700500
373,210.86094665527344,82247700
374,212.7481384277344,70042600
375,210.87840270996097,106949700
376,211.2715606689453,86820700
377,211.6298828125,39153800
378,212.11912536621097,54427600
379,210.17938232421875,65400800
380,211.5424346923828,57972300
381,211.76956176757812,36663300
382,211.6123504638672,50354600
383,213.2025604248047,59610400
384,213.5607757568359,39471600
385,214.5568389892578,60262700
386,214.53057861328125,33531900
387,214.64419555664065,42742500
388,215.8063201904297,51034300
389,215.90237426757812,47135200
390,215.7101593017578,82340800
391,215.65777587890625,46622300
392,216.1820373535156,54915600
393,216.1907196044922,47575400
394,215.98980712890625,70766600
395,215.73638916015625,50088400
396,215.6140899658203,65838700
397,216.09466552734375,55050400
398,216.1995086669922,47211200
399,215.78013610839844,40856000
400,216.17327880859375,60191800
401,216.57518005371097,31995000
402,216.04220581054688,61719400
403,216.0334625244141,62632600
404,212.9840850830078,120479500
405,213.2986297607422,74869900
406,215.41311645507812,73291900
407,215.38687133789065,55242700
408,215.7626190185547,56715500
409,212.3986968994141,128490400
410,212.0667266845703,136748000
411,212.232666015625,65469700
412,214.45201110839844,63140100
413,213.68307495117188,50203800
414,213.1851043701172,50741700
415,213.68307495117188,64445900
416,213.69183349609375,40565600
417,213.9365234375,51135700
418,214.95005798339844,62030800
419,216.2431640625,103803900
420,216.54901123046875,62007000
421,214.9937286376953,91398800
422,215.7277069091797,57916900
423,215.70144653320312,58034700
424,215.44808959960935,63832800
425,217.7460174560547,71364800
426,218.4799346923828,56896000
427,218.5848388671875,59228000
428,218.51492309570312,95446300
429,218.80905151367188,95432400
430,219.2744903564453,46235200
431,219.49395751953125,47108100
432,219.5730133056641,59574100
433,218.98471069335935,48211400
434,219.0286102294922,51214000
435,218.580810546875,57064400
436,218.71246337890625,54082000
437,219.5641937255859,81001400
438,219.82766723632812,44778800
439,220.6003570556641,85578000
440,221.55751037597656,59023000
441,222.0316162109375,66810200
442,222.29510498046875,55953600
443,223.6122283935547,63522800
444,223.3574981689453,80646000
445,222.9887237548828,35803100
446,223.5770568847656,43057400
447,223.92828369140625,47674300
448,223.5946350097656,47065100
449,223.86685180664065,54800400
450,224.16534423828125,38221700
451,224.32342529296875,31561000
452,224.54290771484375,40888300
453,224.60438537597656,61903800
454,225.76345825195312,89176400
455,224.88536071777344,63915300
456,225.2805328369141,66935900
457,224.16534423828125,103715300
458,224.4551544189453,69798000
459,226.2902984619141,85562500
460,225.44740295410156,54285700
461,225.798583984375,60304800
462,226.09713745117188,54202700
463,226.1849670410156,56449500
464,226.94015502929688,59589700
465,227.2913055419922,49652600
466,227.1333465576172,57502200
467,227.51966857910156,50469600
468,226.6942901611328,95085500
469,226.6239776611328,59984700
470,226.83468627929688,50228600
471,226.30789184570312,61315200
472,225.17515563964844,80811500
473,227.08935546875,67777000
474,226.4220428466797,75756800
475,226.8083953857422,48075500
476,228.29234313964844,69176800
477,228.0904083251953,45033400
478,228.6171875,27856500
479,228.5030975341797,52274900
480,230.8212127685547,98971700
481,230.68077087402344,77512100
482,232.70033264160156,127894400
483,232.2173614501953,164390900
484,231.93641662597656,94040600
485,231.10220336914065,77994500
486,231.1461181640625,75898600
487,231.8749542236328,77218600
488,233.1393890380859,76563900
489,233.841796875,83077500
490,234.2544860839844,85195800
491,234.22821044921875,102905400
492,233.2710418701172,100666700
493,235.2136383056641,144610300
494,236.70510864257812,83653600
495,235.79611206054688,82382900
496,235.67250061035156,76751500
497,236.1579132080078,67032300
498,236.09616088867188,78720900
499,235.8137359619141,45244400
500,235.92855834960935,57751000
501,236.41390991210935,45116100
502,235.52249145507812,96007400
503,237.20816040039065,86655700
504,238.70860290527344,90070400
505,239.71469116210935,80636400
506,241.312255859375,83524000
507,241.75344848632812,57319200
508,242.3006896972656,57254000
509,241.9300079345703,69574300
510,243.69509887695312,62361500
511,245.28379821777344,90816100
512,244.4452667236328,106555100
513,246.77532958984375,113258800
514,246.3604736328125,100728000
515,247.48129272460935,140920100
516,249.49363708496097,91322400
517,250.02308654785156,97084700
518,249.92605590820312,134816100
519,250.0319671630859,84587300
520,252.92674255371097,107743100
521,251.2499084472656,90118300
522,248.6728515625,131796400
523,248.79640197753903,108364800
524,248.51394653320312,90102500
525,243.10385131835935,173174800
526,232.93658447265625,294681800
527,237.5259704589844,355026800
528,236.23736572265625,167376100
529,227.37643432617188,246449500
530,230.79196166992188,283565300
531,234.18096923828125,143736000
532,234.76345825195312,81223600
533,237.9319305419922,120735700
534,240.96798706054688,111200300
535,241.0384979248047,160420100
536,239.52940368652344,86369700
537,238.33790588378903,98883700
538,238.6467437744141,110511300
539,242.45069885253903,92766400
540,245.2660369873047,86491400
541,242.2036590576172,99099200
542,239.74998474121097,121907800
543,236.2639007568359,176855100
544,237.4818572998047,139083200
545,240.22659301757812,97307400
546,240.8355712890625,79213200
547,240.74737548828125,87063500
548,241.9123077392578,66901200
549,246.12220764160156,113625300
550,245.8132781982422,71924800
551,244.2246551513672,91968900
552,242.97137451171875,105895100
553,242.70664978027344,83433000
554,242.96987915039065,100343700
555,239.68234252929688,109208400
556,240.08995056152344,59757300
557,239.6291961669922,78709600
558,233.63917541503903,148785900
559,228.65921020507812,183534800
560,234.91505432128903,141956100
561,230.91883850097656,129941400
562,230.23648071289065,146452300
563,233.17835998535156,111601600
564,228.1452484130859,186286300
565,231.0694122314453,119956900
566,233.5416717529297,123715300
567,235.38473510742188,82652600
568,230.13902282714844,179521200
569,231.27322387695312,105442900
570,234.95054626464844,103529000
571,233.7188415527344,91140200
572,235.6416931152344,68890500
573,234.95054626464844,85079200
574,236.88226318359375,63405300
575,239.41647338867188,64682000
576,239.5937957763672,57303900
577,238.2646026611328,77655900
578,236.2442626953125,99953100
579,236.2087860107422,65558000
580,233.02772521972656,112885500
581,233.60365295410156,103840900
582,235.97840881347656,67731900
583,236.199951171875,57053600
584,234.3834991455078,82182300
585,234.79991149902344,74203400
586,233.22268676757812,86368900
587,232.70877075195312,136311500
588,235.72152709960935,91222100
589,236.51902770996097,55304900
590,236.51902770996097,67499200
591,238.8050842285156,59666100
592,241.03805541992188,72063900
593,241.7736053466797,59871500
594,241.8887176513672,54790600
595,240.2228546142578,87036100
596,241.23304748535156,53942600
597,241.0292510986328,56536400
598,240.42669677734375,64368000
599,242.23426818847656,58025900
600,241.56085205078125,52966400
601,242.2255096435547,64694200
602,241.7292633056641,76043800
603,241.15333557128903,56374800
604,238.3797607421875,115908600
605,241.56085205078125,69678400
606,240.08103942871097,93519900
607,242.4381103515625,71258400
608,243.5900421142578,45385200
609,243.7672576904297,51135000
610,245.80535888671875,62732200
611,245.77880859375,72969400
612,246.50537109375,72139700
613,246.8332061767578,58892500
614,247.15232849121097,72329000
615,246.36361694335935,79070600
616,246.9840087890625,77097600
617,246.66876220703125,120041600
618,246.1614227294922,52917600
619,245.2179412841797,97531500
620,245.63626098632812,53785500
621,244.0964508056641,71061400
622,244.5414276123047,54898500
623,241.2126312255859,137854200
624,241.74659729003903,68547400
625,239.7438812255859,105110700
626,241.1146545410156,76650500
627,241.46177673339844,97592500
628,241.9780731201172,63554800
629,241.12350463867188,42187100
630,243.0906219482422,56925900
631,245.1467437744141,66493700
632,247.3540802001953,50550400
633,248.2441864013672,51966800
634,246.42835998535156,77054700
635,248.66261291503903,60124700
636,248.8583984375,48216000
637,248.6358642578125,48201000
638,249.6416015625,52315500
639,250.16677856445312,44593500
640,249.2232666015625,61412100
641,248.93849182128903,82337700
642,249.4013671875,47047600
643,250.65631103515625,68026900
644,252.79261779785156,78882900
645,252.19618225097656,57919500
646,250.4872589111328,76768700
647,249.17884826660156,63742500
648,250.40711975097656,68570500
649,249.9887237548828,53853300
650,251.3506317138672,63426400
651,252.42762756347656,53935400
652,253.35336303710935,39400900
653,254.19000244140625,43196600
654,254.0832672119141,42114600
655,253.736083984375,35717000
656,252.0359649658203,77076000
657,251.09243774414065,65732900
658,252.69468688964844,43842000
659,250.8076629638672,102925400
660,252.8371429443359,69967900
661,253.7272186279297,65618500
662,254.2701416015625,39807500
663,254.8664398193359,67272000
664,254.71522521972656,44993300
665,254.37692260742188,49204900
666,255.90786743164065,57487400
667,257.9283142089844,57072400
668,258.0528869628906,46943500
669,259.44146728515625,61485500
670,258.39111328125,61229500
671,258.4001159667969,66140800
672,257.9549560546875,57594400
673,257.2607421875,72452400
674,256.486328125,65909900
675,255.98800659179688,73524800
676,256.4330139160156,50210900
677,257.278564453125,50530500
678,257.34075927734375,59810800
679,258.8629455566406,51034200
680,258.9074401855469,55079900
681,257.5366516113281,68244000
682,258.9341125488281,61930400
683,259.21002197265625,49080600
684,261.3106689453125,100360600
685,261.0718688964844,105479700
686,260.2046813964844,53409600
687,259.9632263183594,44370000
688,259.1853332519531,79739700
689,259.9095153808594,59249500
690,259.9363098144531,70091400
691,260.83941650390625,62078900
692,260.6873779296875,47258200
693,260.8304748535156,64694600
694,258.7919616699219,111545900
695,257.34344482421875,105951700
696,257.34344482421875,87742200
697,256.96795654296875,74339000
698,248.83155822753903,214731000
699,243.35061645507812,274840500
700,246.73036193847656,183186500
701,245.3445281982422,102263700
702,250.7090759277344,118255800
703,250.7538604736328,110626000
704,247.1327209472656,134557500
705,246.99850463867188,139901600
706,245.88992309570312,82415800
707,244.6380920410156,146352700
708,237.22596740722656,177806700
709,241.4818572998047,138061500
710,237.23487854003903,201574600
711,235.9204864501953,160749100
712,239.41653442382812,157116000
713,241.97369384765625,128296300
714,244.54872131347656,99495000
715,243.10031127929688,122634100
716,244.4414520263672,65622500
717,245.98826599121097,60085900
718,251.2546234130859,102752100
719,250.798583984375,65584900
720,248.3487243652344,98812600
721,243.7082061767578,99673600
722,243.2522430419922,98176600
723,241.58920288085935,125335900
724,244.1105499267578,135101400
725,244.74546813964844,126668000
726,240.60568237304688,103061700
727,236.1529541015625,136021300
728,236.95767211914065,75563700
729,235.37518310546875,42807900
730,239.1750946044922,79981400
731,239.9797515869141,75502400
732,245.50540161132812,127629600
733,244.9689483642578,82346400
734,246.4620819091797,98204200
735,249.7255859375,103176300
736,241.6338348388672,177986000
737,241.26730346679688,204185400
738,235.66116333007812,161018900
739,236.10836791992188,151445900
740,236.1619110107422,121504400
741,237.35107421875,97976700
742,237.27066040039065,96662700
743,232.88951110839844,116961100
744,228.3205718994141,165492300
745,228.0701904296875,134515100
746,224.65467834472656,214992800
747,220.997802734375,252053400
748,216.46961975097656,255345600
749,210.7499084472656,147311600
750,221.39793395996097,218485400
751,223.0977478027344,186267300
752,222.80995178222656,153100200
753,224.76153564453125,144299400
754,224.9953155517578,126925200
755,219.62632751464844,144140700
756,226.9828338623047,142628800
757,228.77252197265625,103139100
758,230.9219207763672,102512600
759,232.00119018554688,95006600
760,232.81954956054688,96823900
761,232.9094696044922,73858100
762,231.4884796142578,70908200
763,234.1415557861328,85208300
764,234.70814514160156,77636700
765,236.48878479003903,96118400
766,239.636474609375,127900300
767,236.39889526367188,115531200
768,236.89352416992188,86030300
769,237.0194091796875,59204100
770,239.02493286132812,96883400
771,237.2082672119141,85613700
772,236.89352416992188,66136300
773,240.64369201660156,92473700
774,242.7572021484375,104012100
775,242.8741149902344,85782500
776,244.58287048339844,60744800
777,245.60801696777344,79552800
778,245.28428649902344,58347800
779,242.946044921875,95482000
780,243.2427978515625,75788900
781,243.37774658203125,68021400
782,246.5074005126953,72270200
783,247.3078155517578,65277200
784,246.7592315673828,83234400
785,249.44821166992188,97088700
786,249.8798828125,59120800
787,250.38351440429688,76610800
788,249.49313354492188,64214700
789,251.04000854492188,78114600
790,251.3817901611328,69030700
791,251.2019500732422,56844100
792,251.09410095214844,56921600
793,250.62628173828125,69268300
794,252.1911773681641,78880500
795,251.2738800048828,106494600
796,250.93209838867188,59114600
797,249.4122772216797,75039800
798,247.3257751464844,94885100
799,246.83119201660156,85795800
800,250.4105224609375,65098900
801,251.35482788085935,79667500
802,253.01856994628903,80639200
803,252.8567047119141,67518400
804,254.10592651367188,81309000
805,255.0272979736328,62199800
806,255.09054565429688,90268100
807,254.32272338867188,84609200
808,257.19525146484375,79550400
809,252.24514770507812,122659300
810,252.0554351806641,85575200
811,253.93429565429688,68125900
812,252.6064910888672,72224700
813,253.56398010253903,56238500
814,255.1627960205078,82186800
815,258.1888427734375,77617900
816,258.3152770996094,40070400
817,258.7218933105469,68243200
818,259.40826416015625,48997500
819,260.6639099121094,58621700
820,260.86260986328125,53566300
821,259.5257263183594,66142300
822,260.41094970703125,52601500
823,260.33868408203125,55093100
824,262.1001281738281,69727800
825,261.928466796875,49596700
826,262.1001281738281,52153200
827,261.4587707519531,58268300
828,261.9736633300781,68708500
829,262.1995544433594,40160100
830,264.5570373535156,52246600
831,263.969970703125,50392900
832,263.80731201171875,57770900
833,265.03594970703125,50916400
834,265.4513244628906,57197700
835,265.5867919921875,81111700
836,263.590576171875,71671900
837,263.021484375,65030200
838,265.5958557128906,56543700
839,264.5028991699219,107198100
840,260.08575439453125,144729900
841,259.72442626953125,91568300
842,258.9386901855469,103471100
843,260.2394104003906,112429300
844,253.6994171142578,127290500
845,255.99386596679688,77003200
846,257.4932861328125,73956400
847,259.8780212402344,76749600
848,258.19781494140625,100353000
849,256.49066162109375,62877600
850,258.8030700683594,46847100
851,258.00811767578125,49482500
852,254.8556671142578,98733800
853,255.43373107910156,55268100
854,253.05813598632812,70029400
855,251.35984802246097,104972900
856,252.04638671875,62523800
857,248.6500244140625,86862800
858,248.01771545410156,96428000
859,253.40139770507812,77231900
860,255.59637451171875,71169700
861,257.2583923339844,69430400
862,259.83282470703125,74272200
863,261.0252380371094,60799100
864,260.9620361328125,58641300
865,260.5013427734375,47096300
866,261.5762023925781,48945200
867,261.2871398925781,52324700
868,261.3865661621094,39205700
869,264.1235656738281,85434800
870,264.7196960449219,78674400
871,267.2488708496094,116570000
872,266.86041259765625,83309500
873,266.53375244140625,47582700
874,263.91961669921875,82028700
875,263.65625,51584900
876,264.5911560058594,40355200
877,265.9527587890625,59350900
878,268.3671569824219,78705600
879,269.06610107421875,61504500
880,271.2173156738281,40898900
881,270.9087219238281,51677300
882,269.4200744628906,45841800
883,269.75592041015625,41101300
884,271.0447692871094,58448500
885,271.68023681640625,50826100
886,272.8966064453125,40326000
887,272.9873352050781,33900000
888,272.1067810058594,36650100
889,270.2550964355469,36036300
890,271.2444763183594,51392600
891,269.7377624511719,58678600
892,270.400390625,43638100
893,272.333740234375,44564500
894,273.61358642578125,47213200
895,272.3065185546875,55394100
896,274.13092041015625,45084100
897,273.63177490234375,38126500
898,272.9600524902344,45849000
899,269.9737854003906,104245200
900,267.6228942871094,142646600
901,265.6078186035156,116749700
902,257.62005615234375,178745400
903,261.2327575683594,120711700
904,261.3870544433594,140572300
905,266.5154724121094,87713900
906,264.7001647949219,93730000
907,261.47784423828125,65527600
908,265.5442810058594,94299800
909,257.6927795410156,135622100
910,258.3734436035156,99556600
911,262.18585205078125,83018300
912,265.34454345703125,53571800
913,263.31134033203125,51596400
914,265.4534606933594,49524700
915,265.3718566894531,51666400
916,258.55511474609375,149161500
917,261.41424560546875,72423800
918,260.3886413574219,66668900
919,262.22216796875,59696700
920,265.571533203125,57899400
921,265.4534606933594,62901200
922,263.90130615234375,69101400
923,266.896728515625,46887300
924,270.3277587890625,83258100
925,270.5364685058594,49584300
926,270.6728210449219,51260300
927,270.6091613769531,57947100
928,272.5334777832031,68821100
929,273.4774169921875,72908700
930,273.2958984375,62104800
931,272.4516906738281,58191200
932,273.1416320800781,41475500
933,273.3049621582031,73375800
934,273.2867736816406,76560500
935,271.99560546875,89565000
936,271.9317932128906,43476800
937,269.7979431152344,94869400
938,271.39385986328125,71854000
939,270.8283996582031,56179700
940,269.3693542480469,84746600
941,270.6186218261719,51662400
942,267.3998107910156,88242400
943,262.6761779785156,122539500
944,264.82830810546875,85278800
945,268.4118957519531,65091200
946,267.2537536621094,59610500
947,263.10479736328125,95708100
948,265.6033020019531,62359400
949,267.3998107910156,55296300
950,270.17181396484375,98720400
951,269.8708801269531,40394800
952,272.5427551269531,46754500
953,272.1050720214844,48928200
954,272.90753173828125,45736600
955,271.7129821777344,64304000
956,273.5549011230469,39048600
957,272.66131591796875,48594700
958,273.4546203613281,34352200
959,273.90142822265625,35453100
960,275.0230712890625,45205400
961,276.5732421875,42147000
962,276.4911804199219,44284900
963,277.3392639160156,49643900
964,276.6006164550781,69053800
965,279.16302490234375,71141500
966,280.2845764160156,60606900
967,279.9745178222656,42933200
968,280.0384521484375,46487100
969,281.0232238769531,54272300
970,281.71624755859375,49032100
971,281.17828369140625,35797300
972,281.77093505859375,46484600
973,281.8620910644531,53917700
974,282.2724609375,51219900
975,284.3151550292969,62023600
976,284.52484130859375,49228000
977,284.4427490234375,67804700
978,283.3849792480469,79406200
979,282.9290466308594,54664700
980,283.5583190917969,44850200
981,285.755859375,48647200
982,286.4032897949219,37569000
983,287.6799621582031,44444600
984,286.6130676269531,36592700
985,284.1783752441406,75767800
986,282.2724609375,73941700
987,284.01416015625,49080000
988,284.52484130859375,40709000
989,287.1236267089844,48927000
990,286.2209167480469,34838500
991,285.90179443359375,52649800
992,286.7134094238281,53429100
993,289.18450927734375,96389600
994,289.3577880859375,81503900
995,291.345703125,82749700
996,291.4095458984375,61097700
997,291.4277038574219,48133000
998,292.6223449707031,85310500
999,293.9052429199219,147142100
1000,294.3542785644531,52990000
1001,294.36346435546875,20270000
1002,295.9303894042969,30911200
1003,295.8570861816406,42528800
1004,294.2259521484375,49729100
1005,294.94073486328125,57077300
1006,297.69891357421875,59151200
1007,295.4446716308594,77709700
1008,296.57177734375,55653900
1009,295.73797607421875,40496400
1010,297.31414794921875,68296000
1011,299.3301696777344,48473300
1012,298.46868896484375,53029300
1013,300.5213623046875,47086800
1014,300.0632629394531,62832800
1015,300.7413024902344,72056600
1016,303.2430114746094,54050300
1017,304.1868591308594,95846000
1018,303.5911560058594,77742400
1019,303.62786865234375,48914900
1020,303.9761047363281,51963000
1021,301.2727966308594,87578400
1022,296.4435119628906,84062500
1023,299.54998779296875,63834000
1024,299.30267333984375,53888900
1025,300.27392578125,75491800
1026,294.8216552734375,113845600
1027,297.01171875,69083000
1028,301.53851318359375,62573200
1029,305.0207214355469,65951100
1030,306.0470886230469,50359700
1031,304.4159851074219,64139400
1032,306.68853759765625,42070000
1033,307.2200012207031,54864500
1034,309.1993408203125,43992700
1035,308.8694763183594,54501900
1036,309.36431884765625,64582200
1037,308.5670471191406,57226200
1038,310.0423278808594,48814700
1039,308.7686462402344,74163400
1040,305.5888671875,113788200
1041,295.4538269042969,161088400
1042,286.5010070800781,218913200
1043,285.447265625,194773800
1044,272.62725830078125,284353500
1045,271.4818420410156,384975800
1046,283.23876953125,238703600
1047,275.1289367675781,300139100
1048,286.69342041015625,176613400
1049,277.16326904296875,186366800
1050,272.5814514160156,228667200
1051,251.2943420410156,309417300
1052,264.2974853515625,276444100
1053,251.4134063720703,255316300
1054,227.3589630126953,392220700
1055,246.7949981689453,329566100
1056,219.7897796630859,297240000
1057,231.6566467285156,262070500
1058,219.92724609375,327597100
1059,220.39454650878903,289322000
1060,210.8968505859375,347158800
1061,205.50457763671875,326025200
1062,224.12396240234375,235494500
1063,227.47911071777344,299430300
1064,240.76161193847656,257632800
1065,233.5903778076172,224341200
1066,241.17637634277344,171369500
1067,237.58151245117188,194881100
1068,226.88922119140625,189554600
1069,232.124755859375,177660400
1070,228.7696075439453,135561200
1071,244.1351776123047,188061200
1072,244.3841552734375,201427200
1073,252.58767700195312,153774500
1074,256.43133544921875,189999200
1075,254.09019470214844,114839100
1076,261.583984375,134143400
1077,256.0258483886719,121775000
1078,257.260986328125,131798300
1079,264.2110290527344,146684800
1080,259.55621337890625,100109300
1081,251.6751251220703,126385700
1082,257.260986328125,92951600
1083,257.242431640625,104709700
1084,260.8282470703125,85063200
1085,264.5888366699219,77896600
1086,263.37213134765625,105270000
1087,270.266845703125,118745600
1088,267.7505187988281,122901700
1089,260.6622314453125,125180000
1090,261.3812255859375,80873200
1091,263.796142578125,79569900
1092,262.00799560546875,73632600
1093,265.16961669921875,75250400
1094,269.5570983886719,76452400
1095,269.6124267578125,79514200
1096,264.2386169433594,95870800
1097,259.5653381347656,144721100
1098,262.6716613769531,121977900
1099,263.8791198730469,111146300
1100,271.9169006347656,119703800
1101,269.1238708496094,95189300
1102,273.6957702636719,85861700
1103,271.80621337890625,78293900
1104,272.3223876953125,63958200
1105,275.67755126953125,88951400
1106,279.77935791015625,104817400
1107,279.26318359375,90405200
1108,280.50750732421875,119090800
1109,281.6412658691406,55758300
1110,283.9732971191406,74267200
1111,287.7525634765625,92567600
1112,286.9967041015625,75794400
1113,294.35223388671875,150524700
1114,297.91021728515625,73641200
1115,295.6888122558594,77479200
1116,294.0388488769531,95000800
1117,277.0877990722656,209243600
1118,280.4061584472656,194678900
1119,283.02392578125,135782700
1120,288.471435546875,137627500
1121,287.273193359375,83398900
1122,287.38385009765625,80828700
1123,285.741455078125,135549600
1124,287.57452392578125,74649400
1125,288.8984069824219,68471200
1126,281.5290222167969,132813500
1127,284.54705810546875,89468000
1128,277.7887268066406,127961000
1129,281.8714904785156,79773300
1130,285.482177734375,113394800
1131,287.4819641113281,72396500
1132,289.0650634765625,69344200
1133,293.5274963378906,61713800
1134,290.5000915527344,82910000
1135,292.7220153808594,54638600
1136,291.0555725097656,83354200
1137,294.02734375,57550400
1138,291.4814147949219,102997500
1139,295.2586975097656,93657000
1140,297.97125244140625,87196500
1141,296.99005126953125,54622500
1142,297.85101318359375,62774900
1143,300.2580871582031,56308800
1144,300.8969421386719,57292200
1145,302.609619140625,57792900
1146,298.99896240234375,75738000
1147,297.07330322265625,73766600
1148,299.23968505859375,48293000
1149,297.34185791015625,57495000
1150,300.99871826171875,48454200
1151,299.9248046875,61861700
1152,302.294921875,84986800
1153,304.39654541015625,53077900
1154,305.57220458984375,41917900
1155,307.4701232910156,42697700
1156,309.5253601074219,43679400
1157,309.74761962890625,57308300
1158,310.6734924316406,44282100
1159,308.1090393066406,69601100
1160,312.4046936035156,53774400
1161,311.8399658203125,41816100
1162,311.8492736816406,47260400
1163,312.8398132324219,35481000
1164,313.51568603515625,38733900
1165,312.2102355957031,68054200
1166,313.18243408203125,42207800
1167,314.2934265136719,55106600
1168,317.4781799316406,48588700
1169,318.5890808105469,38463400
1170,321.7832336425781,50790200
1171,322.4867248535156,58034100
1172,324.5697326660156,48588900
1173,323.39410400390625,66099200
1174,326.4399719238281,54908700
1175,331.1615905761719,69540000
1176,319.7649230957031,148011100
1177,317.1540832519531,139156300
1178,308.488525390625,114465300
1179,314.580322265625,91462300
1180,309.11810302734375,90569500
1181,309.2755432128906,84680200
1182,313.3490295410156,65605700
1183,314.93218994140625,52920900
1184,313.68231201171875,82096000
1185,310.92333984375,91523300
1186,307.34393310546875,105877900
1187,303.9231872558594,99450800
1188,307.01849365234375,63612100
1189,299.8984680175781,93112200
1190,300.6977844238281,76681300
1191,305.5592041015625,71069400
1192,310.63433837890625,64584600
1193,308.9425964355469,51304000
1194,311.2849426269531,104081100
1195,313.28350830078125,88698700
1196,310.3089904785156,89431100
1197,315.811767578125,45713100
1198,311.3221435546875,90128900
1199,316.74114990234375,56999600
1200,319.54833984375,45242500
1201,322.4020080566406,59528600
1202,327.5886535644531,80388500
1203,325.4507751464844,73255500
1204,323.4058532714844,57727900
1205,323.0061950683594,60357700
1206,322.81103515625,89501900
1207,317.90313720703125,68425600
1208,319.17657470703125,60051900
1209,318.57232666015625,63575000
1210,320.3198547363281,55399300
1211,321.4073181152344,49143900
1212,315.46783447265625,91473000
1213,314.3802795410156,65994100
1214,303.63507080078125,127094300
1215,306.7210388183594,90597700
1216,303.5235595703125,120287300
1217,306.92559814453125,86068300
1218,312.34466552734375,93294200
1219,319.3252868652344,126959700
1220,325.55303955078125,82039700
1221,325.4786682128906,74973000
1222,329.5684814453125,172304200
1223,329.085205078125,85552000
1224,331.52984619140625,58649000
1225,328.3136901855469,67546200
1226,332.85894775390625,62892200
1227,337.0138854980469,74541100
1228,335.2013244628906,66111000
1229,331.1673583984375,70591300
1230,332.56158447265625,59940900
1231,330.28424072265625,70417300
1232,332.2641296386719,63230600
1233,337.61810302734375,62415900
1234,337.0976257324219,45330900
1235,338.036376953125,28514100
1236,336.53985595703125,83872700
1237,340.2207336425781,74231400
1238,340.9364929199219,45927000
1239,340.8435363769531,62882000
1240,343.78082275390625,50749900
1241,343.0743103027344,48944300
1242,344.07830810546875,42458900
1243,340.99224853515625,74098300
1244,340.88067626953125,57735400
1245,340.48101806640625,57698600
1246,338.95654296875,69216200
1247,343.5390930175781,63865300
1248,344.07830810546875,58420500
1249,346.0022888183594,64119500
1250,344.6207580566406,136542300
1251,343.3885803222656,96386700
1252,342.80987548828125,47949000
1253,343.1178894042969,46201400
1254,344.45281982421875,26457900
1255,347.41192626953125,39000400
1256,346.7490539550781,53680500
1257,347.2438659667969,49455300
1258,349.0081481933594,78520700
1259,344.2567443847656,110210800
1260,346.6277770996094,66426200
1261,348.7001037597656,107997700
1262,353.8808898925781,68766800
1263,355.8973083496094,71677200
1264,353.4981994628906,51034700
1265,353.5728454589844,52547700
1266,354.5249938964844,45303600
1267,353.2834777832031,49989100
1268,350.7071228027344,107160000
1269,353.4608154296875,51233300
1270,358.35223388671875,61836100
1271,358.6788635253906,47840100
1272,357.409423828125,52860500
1273,358.8189697265625,70402000
1274,358.2588806152344,42665300
1275,349.50286865234375,123351100
1276,352.5086975097656,94198100
1277,345.4516296386719,126765100
1278,351.2018127441406,75817600
1279,356.1678466796875,64450700
1280,356.44793701171875,52427100
1281,360.4992370605469,47142600
1282,361.9180603027344,48669800
1283,364.5318908691406,38365200
1284,364.28912353515625,35551100
1285,364.1304931640625,59154400
1286,364.7184753417969,42913300
1287,366.5201721191406,50593300
1288,366.2027587890625,50972400
1289,366.2868347167969,52290600
1290,364.7278747558594,59712800
1291,364.0838317871094,83241000
1292,361.2833251953125,67414200
1293,361.7220458984375,107284100
1294,365.7080383300781,72433900
1295,356.89599609375,146670500
1296,355.0569763183594,152701600
1297,363.6636657714844,105348800
1298,360.8259582519531,79595300
1299,356.0465393066406,119940200
1300,351.64056396484375,183433000
1301,358.1094970703125,152039600
1302,356.32666015625,123149200
1303,361.4140930175781,113633600
1304,363.6636657714844,109899400
1305,367.3509521484375,86245000
1306,367.84564208984375,64653600
1307,370.0393676757813,73427200
1308,369.5726013183594,73722500
1309,370.8328247070313,97959300
1310,365.4373474121094,115349100
1311,364.7611999511719,113624500
1312,367.6737365722656,73778600
1313,364.7799377441406,90686600
1314,362.9255981445313,97588600
1315,364.9671020507813,116128600
1316,370.8486633300781,114409100
1317,370.6612854003906,108107600
1318,369.6779479980469,76262200
1319,371.1763916015625,112734200
1320,375.1846923828125,99682900
1321,380.56976318359375,91684800
1322,380.3450927734375,62021000
1323,380.7852783203125,55836300
1324,382.5927429199219,57863100
1325,385.3742370605469,61104600
1326,385.5147705078125,56704900
1327,386.65728759765625,56551000
1328,385.3367614746094,61659900
1329,389.4763488769531,60229800
1330,390.7780151367187,82037300
1331,388.858154296875,78498500
1332,386.0111083984375,81851800
1333,389.66363525390625,66793000
1334,386.1047058105469,97582800
1335,390.2910461425781,73209200
1336,391.1058654785156,52182400
1337,391.02154541015625,51303100
1338,390.9092102050781,51238900
1339,393.40032958984375,78544300
1340,390.8154602050781,85527000
1341,391.6584167480469,68128300
1342,389.2420654296875,101591200
1343,389.3638610839844,60162200
1344,392.47314453125,74321400
1345,395.32965087890625,67733800
1346,391.4148559570313,81852400
1347,387.9216918945313,116888000
1348,379.68017578125,134811000
1349,384.2410583496094,106394000
1350,390.14117431640625,82201600
1351,389.14849853515625,65129200
1352,385.7956848144531,59810200
1353,384.7842712402344,106467100
1354,388.9237060546875,78022200
1355,388.6053466796875,76578700
1356,392.56683349609375,51376700
1357,391.69586181640625,57451400
1358,392.47314453125,43088600
1359,392.67919921875,56707700
1360,393.3815002441406,58520200
1361,393.03515625,54216600
1362,393.65325927734375,49097100
1363,392.1921691894531,58138800
1364,395.7791748046875,55938800
1365,395.3951110839844,51555000
1366,395.4794616699219,47134300
1367,394.8894348144531,48436300
1368,396.7250061035156,51020100
1369,397.3807067871094,45570800
1370,398.2703552246094,42358500
1371,397.5398254394531,51508500
1372,395.3203125,80386100
1373,395.1891174316406,90949700
1374,389.85784912109375,118676300
1375,395.4390869140625,72822000
1376,397.5531311035156,57700300
1377,397.0740051269531,49445400
1378,399.4229431152344,45110300
1379,400.8417053222656,58129500
1380,401.6497802734375,53159600
1381,401.8659057617187,35970500
1382,402.2041931152344,64827900
1383,404.4310607910156,53441000
1384,407.5222778320313,57697700
1385,406.7799987792969,68710400
1386,408.2175903320313,63549500
1387,404.8914489746094,97595200
1388,409.2135620117187,76238600
1389,410.6793518066406,52889600
1390,409.2793273925781,52911300
1391,409.8900451660156,64130400
1392,408.4900512695313,55126400
1393,405.2860107421875,75874700
1394,399.30078125,147987000
1395,405.0229797363281,99608200
1396,408.3021240234375,64724400
1397,409.15716552734375,47878500
1398,413.36663818359375,63766600
1399,414.3813171386719,43719200
1400,412.4927673339844,67397100
1401,412.3236083984375,52472400
1402,414.03369140625,47435300
1403,412.0229187011719,68951200
1404,411.1585388183594,58783300
1405,414.50347900390625,58053900
1406,412.464599609375,46732200
1407,415.0766906738281,38969700
1408,415.7625122070313,46930000
1409,415.4242858886719,41222600
1410,415.9410705566406,43339300
1411,416.97467041015625,44034300
1412,418.2242736816406,38909400
1413,418.98541259765625,39470300
1414,419.9719848632813,73740000
1415,417.2189331054687,92673900
1416,412.6525268554687,89351900
1417,413.2914123535156,92812200
1418,416.5799560546875,72008700
1419,420.2444152832031,54973000
1420,420.9115905761719,38744700
1421,421.7947998046875,40529700
1422,419.3048095703125,57829600
1423,423.0538330078125,77235100
1424,424.9141845703125,48357400
1425,424.2846984863281,59300200
1426,424.51019287109375,48721400
1427,425.8162536621094,42501000
1428,425.712890625,47170500
1429,424.1907348632813,51671500
1430,423.6739807128906,56181900
1431,421.8605651855469,57970400
1432,418.5343627929687,89948200
1433,419.6055603027344,83738600
1434,417.3410949707031,78197100
1435,420.8270568847656,78792200
1436,420.1598815917969,77786700
1437,416.0670776367187,118425000
1438,409.1294860839844,166445500
1439,408.7430419921875,92526100
1440,412.7302856445313,102350100
1441,417.7449035644531,76396000
1442,418.43304443359375,62094800
1443,417.23590087890625,61371100
1444,408.8278198242187,130436300
1445,409.5159912109375,82329200
1446,404.51068115234375,140506000
1447,409.3179931640625,129240100
1448,404.0393981933594,128570000
1449,408.2434692382813,90682500
1450,409.9400939941406,113032200
1451,413.484375,72437500
1452,412.7302856445313,74557400
1453,409.7421875,65233300
1454,408.7335815429687,71181200
1455,410.2040710449219,72974000
1456,417.10394287109375,70236800
1457,420.2805480957031,66260200
1458,421.5247802734375,62213200
1459,424.7767639160156,46996800
1460,426.4452209472656,49571600
1461,427.5574951171875,41305400
1462,427.114501953125,58845100
1463,429.4049682617187,45214500
1464,429.7914123535156,56075100
1465,427.8873901367187,72438000
1466,432.01605224609375,51437900
1467,432.89263916015625,70162400
1468,433.6373291015625,48433600
1469,435.3905944824219,48908400
1470,438.0487060546875,52509800
1471,440.113037109375,52847100
1472,441.6400146484375,66390600
1473,442.0171203613281,50405200
1474,440.5560607910156,51149100
1475,437.0118713378906,69429700
1476,437.1531982421875,34848500
1477,440.4523010253906,53466700
1478,440.6031188964844,46980500
1479,442.3470153808594,48857500
1480,441.27239990234375,47858300
1481,442.7712097167969,50625600
1482,441.97943115234375,57315600
1483,440.7351684570313,72762000
1484,441.3195495605469,73206500
1485,442.4977722167969,61858800
1486,432.6287231445313,112669600
1487,437.9356689453125,86268800
1488,429.4143676757813,148559600
1489,424.6448059082031,131939200
1490,431.1488037109375,127637800
1491,427.397216796875,137331600
1492,432.45904541015625,98977500
1493,441.4043884277344,95484700
1494,442.5732116699219,72238800
1495,439.5851745605469,61272600
1496,443.7232360839844,77159800
1497,439.7924499511719,87724700
1498,436.7667541503906,97264100
1499,443.59124755859375,116899300
1500,439.6794738769531,116568600
1501,434.9998779296875,135511600
1502,430.3743591308594,107134800
1503,438.0174560546875,69806300
1504,442.39703369140625,58890200
1505,445.1496887207031,56439700
1506,451.4494934082031,56808600
1507,451.0805969238281,47274600
1508,451.6576232910156,54503000
1509,450.4089965820313,55329000
1510,449.27386474609375,65237400
1511,451.8750915527344,72668200
1512,451.7237548828125,71178700
1513,443.0497741699219,104538900
1514,442.6335144042969,86858900
1515,440.883544921875,85111600
1516,440.3349914550781,119362000
1517,444.345703125,74303100
1518,445.54693603515625,67605400
1519,439.4078979492187,91173100
1520,439.5877075195313,95890900
1521,431.802734375,109709100
1522,427.3190307617187,109357600
1523,422.5894775390625,122379700
1524,414.2938232421875,202271200
1525,416.05316162109375,251783900
1526,410.9736328125,167997300
1527,409.9425354003906,186391100
1528,407.9182739257813,149878300
1529,418.0491638183594,164457400
1530,425.5786437988281,152251400
1531,428.45416259765625,123155400
1532,432.61627197265625,117361000
1533,422.4476013183594,118024400
1534,424.4340515136719,118454400
1535,423.0718994140625,84472900
1536,426.5529479980469,81012000
1537,432.79595947265625,92589900
1538,425.0205383300781,140103700
1539,416.6396484375,153214600
1540,415.2774658203125,123006300
1541,421.9746398925781,88482700
1542,422.4476013183594,84863600
1543,413.4235229492187,102259100
1544,410.74652099609375,132642900
1545,406.338623046875,124391800
1546,399.1306762695313,132578000
1547,405.1372375488281,213942900
1548,414.076171875,121804500
1549,413.0168151855469,145615000
1550,406.7264099121094,137785900
1551,414.2086486816406,117726500
1552,412.1465759277344,105501700
1553,408.7979736328125,113978200
1554,396.74700927734375,137896600
1555,393.7389526367187,164772700
1556,404.2953796386719,116990800
1557,402.46978759765625,93972700
1558,397.3523559570313,95636300
1559,394.4483642578125,95729200
1560,403.1224670410156,106219100
1561,412.0614318847656,144954800
1562,417.2166442871094,102676900
1563,421.7863464355469,106345500
1564,421.66302490234375,88349800
1565,426.5971374511719,74650400
1566,421.1031494140625,79426100
1567,427.4510192871094,64736900
1568,429.5386047363281,77101300
1569,432.5938720703125,68529800
1570,437.9454650878906,86581500
1571,435.2411804199219,79666900
1572,428.5422668457031,121699900
1573,429.7568054199219,89048800
1574,433.4383544921875,59601000
1575,427.9634094238281,74214500
1576,423.6840515136719,106898000
1577,425.8190307617187,78097200
1578,424.6803894042969,79272700
1579,417.4216918945313,89770500
1580,415.87493896484375,84363600
1581,420.6382141113281,74070400
1582,415.4005737304687,97869500
1583,415.5713195800781,66002500
1584,422.2797546386719,77821000
1585,421.9666442871094,65224400
1586,415.6567687988281,85417300
1587,404.2514343261719,132471800
1588,406.5951843261719,119647700
1589,394.81982421875,103996300
1590,395.9300231933594,122030000
1591,405.9309387207031,105449100
1592,390.9295043945313,145491100
1593,393.28265380859375,158312500
1594,395.08551025390625,100028200
1595,407.1170959472656,144247900
1596,392.6469421386719,172929100
1597,390.3031921386719,151770800
1598,377.8067932128906,155586100
1599,378.6797790527344,132497200
1600,372.6639404296875,142361000
1601,372.27496337890625,125090800
1602,381.1752624511719,104174400
1603,379.6285705566406,78622400
1604,387.437744140625,83029700
1605,371.8194885253906,117674500
1606,369.5422668457031,98510700
1607,369.7034912109375,131432200
1608,376.6206970214844,76414900
1609,373.7457580566406,91448800
1610,377.0476989746094,91472900
1611,384.58160400390625,82168300
1612,394.0227661132813,84768700
1613,391.8119201660156,95937000
1614,388.6427612304687,86585800
1615,396.04388427734375,79609600
1616,389.544189453125,71874300
1617,390.7302856445313,57508900
1618,394.4782409667969,59272400
1619,390.18939208984375,64350000
1620,380.9094848632813,86289800
1621,369.8648376464844,132893900
1622,355.82171630859375,170004900
1623,354.7495422363281,104011800
1624,359.8070373535156,125666800
1625,347.89874267578125,134473300
1626,348.6487731933594,111113900
1627,357.4255065917969,76811900
1628,356.7774658203125,90059400
1629,360.27484130859375,79292100
1630,371.7293701171875,98050300
1631,370.30950927734375,66009600
1632,362.7429809570313,86548900
1633,362.4475708007813,65676000
1634,359.5029602050781,112508300
1635,363.3052062988281,74839700
1636,363.9913635253906,81438000
1637,365.220703125,70426200
1638,370.6906433105469,64525900
1639,370.38568115234375,72397800
1640,366.1546020507813,58366900
1641,362.9145812988281,62219200
1642,361.0085754394531,84224600
1643,360.13189697265625,89704800
1644,367.01220703125,79060400
1645,363.9818420410156,63203600
1646,373.81634521484375,78506000
1647,376.19873046875,71843800
1648,380.0296630859375,64903900
1649,376.503662109375,72197300
1650,376.9611511230469,53631500
1651,372.5012512207031,52946400
1652,382.173828125,82342100
1653,386.9671325683594,73966600
1654,392.6086730957031,87003700
1655,391.4461059570313,69997500
1656,388.8635559082031,63435400
1657,394.9529724121094,67820600
1658,394.6861267089844,45656600
1659,394.01904296875,56814900
1660,393.56158447265625,53886100
1661,391.9986877441406,44931800
1662,400.2322998046875,68665700
1663,400.2322998046875,59489700
1664,407.0078430175781,61694500
1665,408.68505859375,54048300
1666,409.4855651855469,59289000
1667,406.5789794921875,63563400
1668,407.7607116699219,49023200
1669,402.28118896484375,68016900
1670,393.90472412109375,77695600
1671,392.95172119140625,49105200
1672,394.2096252441406,49177800
1673,399.77490234375,50942300
1674,386.2428894042969,103087000
1675,383.6889953613281,65370800
1676,379.4769287109375,85652400
1677,376.5894775390625,76029700
1678,377.7711791992187,78740100
1679,373.7877807617187,99632100
1680,372.3774719238281,76637400
1681,379.067138671875,70964200
1682,381.5447998046875,80821700
1683,387.47222900390625,76706900
1684,391.63671875,69256300
1685,374.60736083984375,122947100
1686,376.0367431640625,85023700
1687,371.76751708984375,87633800
1688,368.9313354492187,103084800
1689,371.7923889160156,73278500
1690,367.5247802734375,77274900
1691,361.11370849609375,106746600
1692,358.0804138183594,89472600
1693,352.0807800292969,122346900
1694,348.5978088378906,92581200
1695,347.7080078125,108294100
1696,354.549560546875,110802200
1697,347.143310546875,112952300
1698,341.7752990722656,153711200
1699,350.7986145019531,89756500
1700,361.6687316894531,103602800
1701,360.8266296386719,88065700
1702,357.1044006347656,82333500
1703,347.143310546875,107789500
1704,344.4927978515625,76042800
1705,342.3111267089844,92482800
1706,341.1820068359375,76991800
1707,350.1862487792969,147254500
1708,342.2059326171875,123737000
1709,350.9996032714844,93168200
1710,355.1236572265625,97162900
1711,352.60711669921875,79746900
1712,349.6503601074219,88283100
1713,358.14739990234375,131038400
1714,362.52984619140625,85436900
1715,368.3189392089844,78846300
1716,365.5439758300781,104087300
1717,363.5919799804687,81971800
1718,372.2420654296875,100302000
1719,369.55328369140625,96631300
1720,367.9362182617187,85407600
1721,358.7023620605469,126990400
1722,355.0088195800781,87100100
1723,360.1185607910156,103505200
1724,363.5632934570313,68286900
1725,365.5248107910156,84641100
1726,357.99432373046875,78495500
1727,377.6675720214844,141455800
1728,381.3228454589844,93839900
1729,378.0789184570313,71903500
1730,381.3036804199219,93194500
1731,378.3948059082031,68508500
1732,377.2369689941406,74496300
1733,378.94976806640625,92922500
1734,377.5718994140625,51243200
1735,382.65289306640625,60429000
1736,385.064208984375,68261600
1737,384.9779968261719,30545400
1738,378.8349304199219,67881600
1739,378.1842956542969,52310000
1740,390.0973510742187,144566700
1741,389.810302734375,76398200
1742,389.3605041503906,85342700
1743,382.356201171875,77289800
1744,376.8446044921875,77972200
1745,376.2035827636719,65927900
1746,379.1507263183594,60737900
1747,376.318359375,81447700
1748,381.7437744140625,75405800
1749,384.6336364746094,123782500
1750,382.1744384765625,108111300
1751,372.8258361816406,117705900
1752,368.4241943359375,119858000
1753,365.300048828125,79878100
1754,365.7999267578125,74427200
1755,371.2695617675781,78167400
1756,365.972900390625,100120900
1757,368.0781555175781,59857300
1758,366.6266174316406,51638200
1759,362.0702209472656,70911500
1760,368.5875854492187,66970900
1761,367.61669921875,84022200
1762,366.0690612792969,74850700
1763,368.8952331542969,85934100
1764,364.6848449707031,76970500
1765,373.0478210449219,104189600
1766,372.83636474609375,73978100
1767,375.4510498046875,65358100
1768,380.1996765136719,68881100
1769,381.58392333984375,90157700
1770,383.0642395019531,63903900
1771,382.3624877929687,62677300
1772,376.3257141113281,99632300
1773,373.5861511230469,86958900
1774,380.5457458496094,91806400
1775,385.11175537109375,84178800
1776,384.6983947753906,59524900
1777,384.8426208496094,84800300
1778,389.07220458984375,72287400
1779,389.9661254882813,68346200
1780,385.0732727050781,74202000
1781,390.735107421875,86811800
1782,394.8877868652344,101459200
1783,400.63616943359375,101654500
1784,396.3777465820313,94736800
1785,393.9553527832031,60295300
1786,399.1077575683594,90990700
1787,394.74359130859375,76227500
1788,391.3215026855469,78694900
1789,392.2347106933594,70769700
1790,396.839111328125,64913500
1791,396.6565551757813,88389300
1792,397.9446411132813,61555700
1793,392.46539306640625,76431500
1794,391.4849853515625,89257800
1795,383.6313781738281,82655900
1796,383.1027221679687,83742300
1797,385.14056396484375,96242400
1798,381.0263977050781,108194400
1799,382.3240356445313,80444700
1800,380.9109802246094,96438600
1801,379.4498901367187,99706800
1802,382.40093994140625,85127800
1803,388.5338134765625,90120000
1804,388.8030395507813,72795900
1805,382.8430786132813,108310600
1806,383.4679870605469,74746600
1807,376.3929748535156,111945300
1808,370.96197509765625,189253000
1809,370.4331970214844,157790000
1810,376.5564880371094,149752400
1811,374.201416015625,172996900
1812,380.7667846679687,143254200
1813,376.3146362304687,140553400
1814,379.93316650390625,93055800
1815,384.92181396484375,91524200
1816,378.3602600097656,111746600
1817,379.3831481933594,119351300
1818,381.87261962890625,107682400
1819,382.586669921875,74010400
1820,381.7279357910156,62871700
1821,387.2762756347656,77497900
1822,389.54388427734375,69840000
1823,395.0343322753906,112062600
1824,396.5396423339844,67391100
1825,394.339599609375,66601500
1826,393.3070983886719,65200200
1827,394.84136962890625,63743300
1828,395.2466125488281,63681000
1829,395.352783203125,59297900
1830,393.7413330078125,86420400
1831,398.97125244140625,85814800
1832,397.99664306640625,78161500
1833,399.4248046875,66436400
1834,399.6853637695313,63560000
1835,399.6177978515625,55227300
1836,397.43707275390625,75840400
1837,397.7458801269531,73457400
1838,398.1607360839844,64332100
1839,391.8404235839844,97766700
1840,390.1807556152344,80447000
1841,397.9484252929687,92968400
1842,401.3450012207031,89433100
1843,400.939697265625,62122300
1844,396.4334411621094,103998500
1845,393.7123107910156,91531800
1846,390.9237060546875,94901900
1847,398.1607360839844,87891800
1848,398.2668762207031,50046800
1849,396.5202941894531,49220100
1850,398.37298583984375,96142900
1851,397.67828369140625,70157100
1852,397.1572265625,70481500
1853,398.52740478515625,54289400
1854,395.86419677734375,57705500
1855,400.6695861816406,87287000
1856,404.529296875,97177200
1857,403.9407043457031,103793300
1858,404.1047668457031,60745400
1859,399.5694885253906,86383500
1860,396.6747131347656,89213700
1861,400.10986328125,90961600
1862,405.29156494140625,93830000
1863,405.4459838867187,72216000
1864,403.19769287109375,110811800
1865,407.0284423828125,88865000
1866,412.9145812988281,91426200
1867,412.123291015625,65460200
1868,413.020751953125,64022200
1869,411.5926208496094,85373300
1870,414.0821533203125,61952800
1871,414.8251647949219,85742800
1872,418.5883483886719,76104300
1873,421.34814453125,95899700
1874,421.849853515625,100612100
1875,427.0798034667969,110303100
1876,425.6251220703125,114165800
1877,423.4168395996094,76160400
1878,421.2474060058594,76982300
1879,422.7679443359375,70637200
1880,419.5718688964844,92074500
1881,417.8575744628906,72823600
1882,422.4386596679687,72813700
1883,422.65179443359375,75636000
1884,424.3175659179687,67882300
1885,429.3248901367187,104964000
1886,429.81878662109375,32793400
1887,429.1795043945313,58418400
1888,425.81878662109375,80658300
1889,424.7437438964844,86134200
1890,425.81878662109375,62443500
1891,428.5306701660156,64463800
1892,431.9785461425781,91924500
1893,435.4071044921875,72425200
1894,435.1358947753906,69815800
1895,436.6467895507813,52680200
1896,439.8913269042969,80668200
1897,440.8695373535156,65891700
1898,437.944580078125,70591600
1899,437.944580078125,71275600
1900,439.9010314941406,54023400
1901,441.1020202636719,55191200
1902,441.16986083984375,71052900
1903,438.244873046875,92194400
1904,442.535400390625,80011800
1905,443.3780212402344,62040400
1906,442.10931396484375,55291500
1907,435.959228515625,93933400
1908,434.7097778320313,64276100
1909,432.74371337890625,100128900
1910,436.5209045410156,58357500
1911,434.62261962890625,71361300
1912,431.7170715332031,78789600
1913,431.8720703125,93005500
1914,431.6202087402344,68690900
1915,434.0027770996094,47867400
1916,428.9471130371094,75707500
1917,425.7994079589844,80107200
1918,422.5548706054687,95711300
1919,422.7582702636719,98852000
1920,425.50885009765625,68719000
1921,424.3562927246094,64994200
1922,429.0826721191406,68441000
1923,423.1360168457031,88517300
1924,426.1189880371094,102325100
1925,428.8211975097656,61595400
1926,435.019775390625,83081900
1927,436.81146240234375,69053900
1928,436.1722412109375,66084600
1929,436.9858093261719,58944100
1930,435.0971984863281,55166200
1931,432.1722412109375,70758500
1932,430.8453674316406,70355400
1933,431.4942932128906,61659700
1934,434.3320617675781,60180100
1935,431.9495239257813,67565400
1936,432.45318603515625,60199300
1937,436.1819458007813,83430800
1938,430.9266662597656,111848900
1939,431.1793518066406,55752200
1940,430.28521728515625,66514600
1941,426.3294372558594,82562600
1942,419.2828979492187,104095800
1943,418.3401489257813,100829700
1944,420.0993347167969,70874500
1945,413.9275207519531,96168400
1946,414.0927734375,104705800
1947,416.493408203125,92258300
1948,415.4826354980469,115111300
1949,415.31744384765625,83798600
1950,409.7579040527344,103760600
1951,412.74176025390625,87453000
1952,412.5862426757813,70142700
1953,417.48480224609375,113273300
1954,420.15765380859375,80374400
1955,422.3445129394531,78607300
1956,424.0745239257813,62451700
1957,421.48919677734375,81154200
1958,419.3898315429687,95143100
1959,423.8024291992187,75433200
1960,423.782958984375,75324700
1961,418.135986328125,93559800
1962,414.4620971679687,121323000
1963,409.3691711425781,123919900
1964,408.65966796875,92035100
1965,411.7406921386719,78564200
1966,405.8312683105469,94223200
1967,400.97161865234375,115156800
1968,399.1541137695313,107367700
1969,403.9263000488281,86562700
1970,406.4630737304687,79665200
1971,410.7979431152344,98068100
1972,418.6706237792969,94938900
1973,422.49029541015625,100167800
1974,423.4621887207031,67831700
1975,424.6673583984375,64256100
1976,424.9784851074219,61746000
1977,421.66412353515625,83174400
1978,428.244140625,89462200
1979,427.8359069824219,52236100
1980,436.13623046875,97176900
1981,437.0596008300781,77327600
1982,437.59417724609375,66665800
1983,438.1384582519531,83133200
1984,441.5110473632813,69936200
1985,440.548828125,49244600
1986,442.2496948242187,59394900
1987,442.5218505859375,29737400
1988,441.7248840332031,50506000
1989,442.1622314453125,62115000
1990,441.8511962890625,63146000
1991,443.5909729003906,79752700
1992,446.2151794433594,89183400
1993,443.8728637695313,72430900
1994,443.7853698730469,69793500
1995,441.9970397949219,69124700
1996,445.3695983886719,66995400
1997,447.2843627929687,83194400
1998,449.0241088867187,65002200
1999,451.0749206542969,68327600
2000,457.2952880859375,93278000
2001,458.7629089355469,119026000
2002,458.007568359375,141553700
2003,460.5838928222656,70375300
2004,463.3846435546875,55761800
2005,456.9633483886719,102921000
2006,461.2962646484375,86667500
2007,462.2233276367187,67160400
2008,464.1750793457031,55387000
2009,465.0143432617187,68000300
2010,465.1900329589844,77158100
2011,463.8432922363281,122283100
2012,461.2474670410156,123623700
2013,457.4806213378906,103585900
2014,456.0069885253906,84232200
2015,456.6315612792969,86118900
2016,463.1504211425781,74879100
2017,462.4477844238281,65931400
2018,465.0631408691406,67310600
2019,464.8581848144531,77940700
2020,465.1802673339844,58026400
2021,463.4724426269531,85014900
2022,460.8961486816406,68843900
2023,464.9947814941406,91856200
2024,470.7914733886719,110834500
2025,471.7869567871094,75844900
2026,473.1629028320313,49945300
2027,473.6801452636719,81765000
2028,476.25640869140625,72525000
2029,475.6513977050781,76641600
2030,479.418212890625,61322800
2031,479.0474853515625,58618400
2032,471.2306518554687,126011100
2033,477.398193359375,91891600
2034,482.4239807128906,99228200
2035,480.6673889160156,75757100
2036,482.0628662109375,55918600
2037,486.0834655761719,70556500
2038,486.2981262207031,52343600
2039,489.1087341308594,63979400
2040,488.89404296875,56502300
2041,482.1604309082031,113099200
2042,486.5421447753906,68387800
2043,489.899169921875,61683000
2044,487.4595031738281,75532900
2045,484.77581787109375,71736700
2046,485.2149658203125,59293400
2047,495.2566833496094,76402500
2048,495.5982666015625,61321800
2049,493.78314208984375,50386700
2050,494.7004699707031,48854500
2051,494.046630859375,56506600
2052,495.82269287109375,83924800
2053,500.47760009765625,76844800
2054,499.94091796875,49799300
2055,494.94439697265625,72855600
2056,497.452392578125,68382400
2057,502.3903198242187,58652100
2058,499.3748779296875,86532500
2059,498.9455261230469,62557200
2060,504.3128356933594,73114400
2061,503.52239990234375,55104100
2062,502.5269775390625,110171800
2063,499.0763244628906,107646300
2064,502.04241943359375,88893300
2065,504.8323059082031,60755300
2066,509.501708984375,69594600
2067,511.1854248046875,60256100
2068,510.2163391113281,79070800
2069,508.8066711425781,48512100
2070,507.866943359375,65463700
2071,512.1349487304688,82999800
2072,512.0371704101562,96294900
2073,511.1461791992187,62477500
2074,507.8963623046875,74230300
2075,508.4542846679687,59155800
2076,502.24798583984375,96858100
2077,507.4949340820313,74546500
2078,507.7787780761719,48401800
2079,508.3662109375,68049200
2080,503.2758483886719,82652800
2081,507.0740356445313,70099000
2082,500.0748596191406,92561100
2083,493.809814453125,92101400
2084,492.90924072265625,73484000
2085,489.9920654296875,75910300
2086,488.9837951660156,74548100
2087,484.71575927734375,102212600
2088,489.17962646484375,67961000
2089,494.9844970703125,64633600
2090,494.7496032714844,55928100
2091,492.8700866699219,69122400
2092,497.53948974609375,64306100
2093,499.3014831542969,46415400
2094,491.3919372558594,77483600
2095,489.79632568359375,80242800
2096,494.3775939941406,62550200
2097,500.5055847167969,72756700
2098,505.6741943359375,47264700
2099,506.2321472167969,52561300
2100,506.2810974121094,42047200
2101,509.19818115234375,43643700
2102,509.8541259765625,52233200
2103,509.9226379394531,36716400
2104,512.2621459960938,57535900
2105,518.6055908203125,59504900
2106,517.5385131835938,50244800
2107,518.2825317382812,59187600
2108,518.8796997070312,37764200
2109,520.1522827148438,33437000
2110,518.654541015625,48390000
2111,514.8661499023438,57211200
2112,518.272705078125,41291100
2113,518.635009765625,36269600
2114,515.003173828125,45190300
2115,511.5867309570313,46377600
2116,516.246337890625,90785800
2117,516.667236328125,46835700
2118,517.2448120117188,34632700
2119,523.392333984375,47610400
2120,523.3826293945312,30808500
2121,522.746337890625,43224500
2122,524.361572265625,35686100
2123,525.624267578125,36383400
2124,529.9412841796875,63251300
2125,531.0083618164062,44760900
2126,531.3313598632812,40089900
2127,535.5601196289062,55839500
2128,536.9208984375,41376400
2129,535.4622802734375,70328200
2130,534.744384765625,64338600
2131,533.0061645507812,45528700
2132,535.0587158203125,37936200
2133,535.7265014648438,38550600
2134,536.571044921875,35041500
2135,534.4596557617188,76144500
2136,535.5595703125,40297800
2137,539.1637573242188,40434800
2138,541.56982421875,32789900
2139,544.6927490234375,41488400
2140,545.3212890625,36110500
2141,545.8516845703125,27289700
2142,551.2529907226562,38701200
2143,546.499755859375,53054200
2144,549.9468383789062,53084400
2145,551.459228515625,40584300
2146,554.7294311523438,36475300
2147,546.9514770507812,57119000
2148,542.748291015625,56270400
2149,539.1441040039062,65509100
2150,544.70263671875,43346700
2151,543.8482666015625,34439600
2152,531.5233154296875,74515300
2153,528.7538452148438,61158300
2154,534.6757202148438,53763800
2155,534.989990234375,39515800
2156,532.2794799804688,46853600
2157,540.9314575195312,65663400
2158,533.2714233398438,76428700
2159,523.3427124023438,82789100
2160,508.1011047363281,146267400
2161,512.7855834960938,84826300
2162,509.3580627441406,70698300
2163,521.1329956054688,63276600
2164,523.4310302734375,45619600
2165,523.7061157226562,42542100
2166,532.3186645507812,52333100
2167,533.9981079101562,42446900
2168,543.1509399414062,60846800
2169,544.36865234375,44430700
2170,549.5736083984375,39121800
2171,548.679931640625,33732300
2172,550.5654907226562,41514600
2173,546.2445068359375,56121500
2174,552.0484619140625,50639400
2175,550.7324829101562,35788600
2176,551.4886474609375,32693900
2177,548.2871704101562,41066000
2178,548.336181640625,38715200
2179,553.5706787109375,62700100
2180,542.1787109375,60600100
2181,541.0690307617188,47224900
2182,539.7529907226562,44264300
2183,530.6688842773438,68493800
2184,536.6103515625,40445800
2185,538.9476928710938,36394600
2186,544.4767456054688,75248600
2187,549.06298828125,51819600
2188,551.9304809570312,39310500
2189,552.7456665039062,36656100
2190,552.9716186523438,49321000
2191,551.3316040039062,59044900
2192,560.7396240234375,75315500
2193,559.7703857421875,77503100
2194,561.1692504882812,44116900
2195,562.77490234375,46805700
2196,561.53369140625,38428600
2197,563.7599487304688,48336000
2198,562.9423217773438,42100900
2199,565.1981201171875,63557400
2200,560.1348266601562,72668800
2201,560.3712768554688,38097800
2202,559.3468627929688,40846500
2203,564.4298095703125,42939100
2204,559.3270263671875,49964700
2205,564.6170043945312,37398700
2206,568.52783203125,37912200
2207,567.5328369140625,44138100
2208,570.9313354492188,42268000
2209,575.6006469726562,36217200
2210,571.1283569335938,54203600
2211,573.6107788085938,30725400
2212,573.659912109375,34393700
2213,575.8666381835938,37416800
2214,574.9208984375,36439000
2215,574.6155395507812,34183800
2216,569.364990234375,49314600
2217,570.596435546875,34979900
2218,570.3993530273438,47268200
2219,572.1626586914062,30174700
2220,573.0886840820312,42899700
2221,571.3549194335938,41435800
2222,560.154541015625,60182500
2223,562.5187377929688,45667500
2224,561.30712890625,38217000
2225,568.0942993164062,39478300
2226,582.2203369140625,68182000
2227,586.72216796875,47233200
2228,589.2636108398438,46444900
2229,589.8251342773438,37586800
2230,587.9928588867188,43006100
2231,588.2784423828125,47388600
2232,584.4957885742188,38904100
2233,577.00927734375,75988800
2234,579.3734741210938,37001700
2235,581.4913940429688,49412000
2236,581.6883544921875,50032600
2237,584.8110961914062,46750300
2238,586.6236572265625,38226400
2239,588.613525390625,42441400
2240,591.6869506835938,45621300
2241,589.8941040039062,34000200
2242,593.5586547851562,30177400
2243,594.6224365234375,31746000
2244,594.8982543945312,26906600
2245,598.5922241210938,42787600
2246,597.607177734375,28762200
2247,598.7400512695312,31241500
2248,595.65673828125,34742700
2249,593.8048095703125,37234500
2250,598.3953247070312,28677700
2251,595.3120727539062,31543800
2252,595.1937255859375,35904700
2253,597.7352905273438,43695200
2254,595.2726440429688,55773500
2255,577.5313720703125,108248700
2256,577.3540649414062,85919500
2257,584.2886352539062,125716700
2258,587.7875366210938,57635800
2259,594.32080078125,33160100
2260,594.3603515625,41219100
2261,588.1038208007812,64969300
2262,581.392578125,56578800
2263,579.2774658203125,57052700
2264,577.8541870117188,50204000
2265,585.079345703125,37888500
2266,588.4497680664062,47679400
2267,581.7979125976562,60393100
2268,582.6478881835938,47304700
2269,573.7523193359375,73105000
2270,574.6419067382812,47910100
2271,575.4325561523438,48420600
2272,585.899658203125,56900200
2273,584.77294921875,43319700
2274,590.6439819335938,58070600
2275,596.0504150390625,42532900
2276,599.401123046875,48196000
2277,602.6727294921875,41152100
2278,600.913330078125,34604700
2279,592.4132080078125,70361100
2280,597.50341796875,44433300
2281,594.8248291015625,37177400
2282,598.017333984375,39281300
2283,594.8347778320312,66566900
2284,590.8317260742188,65857200
2285,594.7952270507812,33457800
2286,597.2069091796875,30653100
2287,599.2825927734375,35771500
2288,593.7969970703125,50788500
2289,597.82958984375,26048700
2290,598.2842407226562,30056700
2291,596.3568725585938,45076100
2292,602.6528930664062,40921300
2293,602.623291015625,26910400
2294,604.3925170898438,26749000
2295,605.8158569335938,31011100
2296,603.29541015625,36554000
2297,592.9766235351562,76519800
2298,590.2782592773438,50737200
2299,587.3427734375,58266500
2300,587.63916015625,43321600
2301,578.2593383789062,74196700
2302,587.2835083007812,88744100
2303,576.9942626953125,74249200
2304,570.1644287109375,109648200
2305,576.29248046875,71230500
2306,566.0626220703125,80094900
2307,569.2352905273438,81158800
2308,554.073486328125,99326600
2309,549.4674072265625,88102100
2310,552.38330078125,69588200
2311,545.0197143554688,74079400
2312,556.277587890625,62660300
2313,560.567138671875,49008700
2314,554.50830078125,66041400
2315,560.54736328125,66556000
2316,558.9264526367188,62958200
2317,559.1107788085938,83763000
2318,569.1236572265625,58766800
2319,570.49169921875,38355700
2320,563.6810913085938,51848300
2321,562.1841430664062,42164200
2322,550.8626708984375,71662700
2323,554.5604858398438,95328200
2324,556.1268310546875,54609600
2325,559.6461791992188,76014500
2326,532.06640625,125986000
2327,500.9176330566406,217965100
2328,500.0254211425781,256611400
2329,492.193603515625,165816600
2330,543.8834838867188,241867300
2331,520.0509643554688,162331200
2332,529.3301391601562,97866300
2333,534.4654541015625,68034000
2334,532.968505859375,56892900
2335,521.1216430664062,83484800
2336,521.8651733398438,79868100
2337,509.44342041015625,69368100
2338,522.6979370117188,75948100
2339,530.79736328125,90590700
2340,541.9701538085938,64150400
2341,545.885986328125,61119600
2342,546.0941772460938,47613800
2343,549.5342407226562,47775100
2344,549.7523193359375,93101500
2345,553.6483154296875,63186100
2346,561.8668212890625,60717300
2347,558.6448974609375,38659200
2348,553.9755249023438,48264700
2349,556.3052978515625,55588000
2350,560.1815185546875,65130800
2351,559.4677734375,37603400
2352,577.9567260742188,78993600
2353,581.7734985351562,67947200
2354,582.5170288085938,66283500
2355,585.3622436523438,71268100
2356,589.0699462890625,76052100
2357,589.7142944335938,68168500
2358,587.7315673828125,60614500
2359,577.8278198242188,95197700
2360,578.055908203125,70860400
2361,574.1101684570312,76029000
2362,586.0463256835938,72588500
2363,582.65576171875,68445500
2364,584.9557495117188,69973300
2365,584.3014526367188,90601200
2366,587.5928955078125,61630500
2367,590.943603515625,63606200
2368,590.7850341796875,57314200
2369,587.9298095703125,92278700
2370,593.96728515625,66588700
2371,594.5026245117188,53016400
2372,597.873291015625,66247000
2373,596.1680908203125,73658200
2374,598.5374755859375,64129000
2375,591.8457641601562,89506000
2376,597.4767456054688,79984100
2377,592.3712158203125,82209400
2378,592.281982421875,76605000
2379,590.8909912109375,94051400
2380,596.7274780273438,87426000
2381,603.3196411132812,67735300
2382,603.65771484375,62114800
2383,608.380615234375,78548400
2384,611.4032592773438,86258400
2385,614.3264770507812,92502500
2386,614.127685546875,70030100
2387,616.9117431640625,66510400
2388,621.7738647460938,51065800
2389,617.1403198242188,74814500
2390,616.8023681640625,59024600
2391,620.5010986328125,66113300
2392,622.2510375976562,57529000
2393,620.0636596679688,63670200
2394,621.246826171875,51898500
2395,618.592041015625,74317300
2396,620.66015625,88987500
2397,624.4583740234375,68885700
2398,624.0010375976562,65621600
2399,625.1842651367188,63375000
2400,625.2737426757812,60046300
2401,630.5932006835938,70511000
2402,630.802001953125,71307100
2403,633.4667358398438,56865400
2404,633.3076782226562,54917100
2405,631.6372680664062,60556300
2406,630.841796875,80418900
2407,628.475341796875,103385200
2408,618.1743774414062,140103600
2409,627.570556640625,73218000
2410,624.3887939453125,68051400
2411,629.17138671875,64357500
2412,628.6444091796875,74205800
2413,633.5462646484375,64051600
2414,632.29345703125,58742300
2415,639.0248413085938,64730800
2416,641.2123413085938,60092800
2417,641.27197265625,59327500
2418,639.7705688476562,68592500
2419,639.6314086914062,43804900
2420,636.1612548828125,69750700
2421,634.470947265625,88890300
2422,631.9255981445312,54805800
2423,641.6299438476562,84083200
2424,638.8060913085938,51274300
2425,641.4807739257812,51581600
2426,642.9423828125,48341100
2427,645.2192993164062,61519500
2428,641.3713989257812,74522200
2429,636.6187133789062,81983500
2430,640.06884765625,70820900
2431,645.418212890625,65219200
2432,643.5488891601562,85178900
2433,645.1298828125,63133100
2434,646.6212768554688,66133900
2435,648.4905395507812,78034500
2436,653.8796997070312,69934400
2437,653.6608276367188,72780100
2438,657.1409301757812,63772400
2439,656.2361450195312,61169000
2440,655.4208374023438,101952200
2441,658.4832153320312,90459200
2442,661.74462890625,97945600
2443,664.8753662109375,69452200
2444,661.256103515625,81708900
2445,659.1522216796875,68082200
2446,656.1112670898438,89622100
2447,659.8701782226562,69179200
2448,661.7246704101562,73499000
2449,664.21728515625,86288000
2450,666.4806518554688,72545400
2451,667.248291015625,56896000
2452,667.2384033203125,70494400
2453,669.6312866210938,54623300
2454,667.1486206054688,72020100
2455,671.1268920898438,60702200
2456,669.1826171875,66501900
2457,651.0960693359375,159422600
2458,661.0865478515625,79560500
2459,660.2789306640625,88779600
2460,663.2102661132812,81702600
2461,658.6936645507812,110563300
2462,662.4326171875,96500900
2463,669.3222045898438,60493400
2464,669.3121948242188,56249000
2465,665.83251953125,80564000
2466,669.7808837890625,65604500
2467,675.2546997070312,74356500
2468,683.2211303710938,63339800
2469,685.0357666015625,61738100
2470,685.3648071289062,85657100
2471,677.8270874023438,76335800
2472,680.050537109375,87164100
2473,681.3267822265625,57315000
2474,673.2506103515625,78427000
2475,675.583740234375,74402400
2476,668.3351440429688,85035300
2477,668.9931640625,100592400
2478,679.432373046875,75842900
2479,680.9877319335938,58953400
2480,681.3666381835938,62312500
2481,670.0599975585938,103457800
2482,669.9503784179688,96846700
2483,663.7088012695312,90456100
2484,658.1353149414062,114467500
2485,660.6777954101562,94703000
2486,650.6075439453125,165293500
2487,657.08837890625,123956200
2488,666.759765625,80437900
2489,673.03125,81077100
2490,677.6775512695312,71879600
2491,681.3765869140625,49212000
2492,678.2658081054688,61201200
2493,679.5220947265625,62953800
2494,681.8751220703125,57238500
2495,682.3736572265625,61970300
2496,683.6697998046875,79241000
2497,681.6159057617188,55231500
2498,681.027587890625,58310100
2499,685.5443115234375,85671300
2500,687.1395263671875,86173700
2501,679.7514038085938,113160300
2502,678.7244262695312,90811000
2503,676.8699340820312,122030600
2504,669.4219360351562,110625200
2505,674.4769287109375,108650100
2506,680.5900268554688,103599500
2507,684.8300170898438,69556700
2508,687.9600219726562,64840000
2509,690.3800048828125,39445600
2510,690.3099975585938,41588400
2511,687.8499755859375,61707719
